dataset,priority_group,policy,records,unstable_records,unstable_pct,median_window_duration_sec,p25_window_duration_sec,p75_window_duration_sec,p05_energy_retention,median_energy_retention,p05_pga_retention,full_record_fallback_records,full_record_fallback_pct
InstanceGM,low_magnitude_background,adaptive_energy_end,9000,218,2.422222222222222,91.16,39.52,108.44,0.9522791891243726,0.9688822035554843,1.0,0,0.0
InstanceGM,low_magnitude_background,arias_1_99_padded,9000,39,0.4333333333333333,120.0,85.39,120.0,0.9930624784286844,1.0,1.0,0,0.0
InstanceGM,low_magnitude_background,catalog_p_fixed,9000,6066,67.4,42.0,42.0,42.0,0.35100630707137376,0.8223289650792611,0.6169864267110825,0,0.0
InstanceGM,low_magnitude_background,energy_first_then_adaptive,9000,0,0.0,93.36500000000001,42.0,108.8625,0.9527829054823708,0.9723476208367754,1.0,186,2.0666666666666664
InstanceGM,low_magnitude_background,energy_onset_fixed,9000,5976,66.4,42.0,42.0,42.0,0.33111017906752926,0.8266562152998432,0.5502114981412888,0,0.0
InstanceGM,low_magnitude_background,feature_onset_fixed,9000,6454,71.71111111111111,42.0,42.0,42.0,0.2403005933867892,0.777962727407788,0.3641959175467491,0,0.0
InstanceGM,low_magnitude_background,full_record,9000,0,0.0,120.0,120.0,120.0,1.0,1.0,1.0,0,0.0
InstanceGM,low_magnitude_background,shortest_stable_all,9000,0,0.0,92.0,39.7675,108.53,0.9523060530250557,0.9690001228857692,1.0,23,0.2555555555555556
InstanceGM,low_magnitude_background,shortest_stable_no_catalog,9000,0,0.0,92.0,39.7675,108.55,0.9523219578171799,0.9690889804843004,1.0,28,0.3111111111111111
InstanceGM,m3_to_m4_small_event,adaptive_energy_end,9000,166,1.8444444444444443,53.875,36.985,92.5825,0.9533937323354107,0.967211203263062,1.0,0,0.0
InstanceGM,m3_to_m4_small_event,arias_1_99_padded,9000,28,0.3111111111111111,93.48,57.97,120.0,0.9937776891052359,0.999079033456577,1.0,0,0.0
InstanceGM,m3_to_m4_small_event,catalog_p_fixed,9000,4229,46.988888888888894,42.0,42.0,42.0,0.37553953664114875,0.9600039332457606,0.7550667345523835,0,0.0
InstanceGM,m3_to_m4_small_event,energy_first_then_adaptive,9000,0,0.0,42.01,42.0,94.97749999999999,0.9536285712453223,0.977975538160623,1.0,149,1.6555555555555557
InstanceGM,m3_to_m4_small_event,energy_onset_fixed,9000,4071,45.233333333333334,42.0,42.0,42.0,0.34227873769973477,0.9651107165883359,0.6482170462608338,0,0.0
InstanceGM,m3_to_m4_small_event,feature_onset_fixed,9000,5571,61.9,42.0,42.0,42.0,0.23887683788966013,0.8860290816951586,0.4470294073224067,0,0.0
InstanceGM,m3_to_m4_small_event,full_record,9000,0,0.0,120.0,120.0,120.0,1.0,1.0,1.0,0,0.0
InstanceGM,m3_to_m4_small_event,shortest_stable_all,9000,0,0.0,42.0,37.0475,92.0,0.952762104101273,0.9696218798244061,1.0,6,0.06666666666666667
InstanceGM,m3_to_m4_small_event,shortest_stable_no_catalog,9000,0,0.0,42.0,37.0475,92.0,0.95295784409959,0.96982330181805,1.0,9,0.1
InstanceGM,m4plus_strong_motion,adaptive_energy_end,5533,40,0.7229351165732876,60.15,41.32,92.79,0.9559211778287181,0.9658701516947106,1.0,0,0.0
InstanceGM,m4plus_strong_motion,arias_1_99_padded,5533,19,0.34339418037231156,91.99,65.01,113.86,0.9949969169742148,0.9984561986260696,1.0,0,0.0
InstanceGM,m4plus_strong_motion,catalog_p_fixed,5533,3013,54.455087655882885,42.0,42.0,42.0,0.2565826779280764,0.928271974329509,0.5103473901748657,0,0.0
InstanceGM,m4plus_strong_motion,energy_first_then_adaptive,5533,0,0.0,42.01,42.0,92.73,0.9554888185192111,0.9742193853701484,1.0,35,0.6325682270016266
InstanceGM,m4plus_strong_motion,energy_onset_fixed,5533,2757,49.82830290981384,42.0,42.0,42.0,0.28059571330178457,0.9518765325212578,0.5457298994064331,0,0.0
InstanceGM,m4plus_strong_motion,feature_onset_fixed,5533,3871,69.9620459063799,42.0,42.0,42.0,0.1171413829823271,0.8000783598967683,0.32204331159591676,0,0.0
InstanceGM,m4plus_strong_motion,full_record,5533,0,0.0,120.0,120.0,120.0,1.0,1.0,1.0,0,0.0
InstanceGM,m4plus_strong_motion,shortest_stable_all,5533,0,0.0,42.01,41.06,92.0,0.9533941487131872,0.9680348785577118,1.0,0,0.0
InstanceGM,m4plus_strong_motion,shortest_stable_no_catalog,5533,0,0.0,42.01,41.06,92.0,0.9539521484731962,0.9687285118616786,1.0,0,0.0
K-NET,low_magnitude_background,adaptive_energy_end,21,0,0.0,11.9,10.88,16.28,0.9651861046066272,0.973553240510616,1.0,0,0.0
K-NET,low_magnitude_background,arias_1_99_padded,21,0,0.0,44.82,39.52,48.29,0.9962524249837308,0.9988315890978284,1.0,0,0.0
K-NET,low_magnitude_background,catalog_p_fixed,21,0,0.0,42.0,42.0,42.0,0.995246524489273,0.9991898262030148,1.0,0,0.0
K-NET,low_magnitude_background,energy_first_then_adaptive,21,0,0.0,42.0,42.0,42.0,0.995252952809451,0.9992074903149882,1.0,0,0.0
K-NET,low_magnitude_background,energy_onset_fixed,21,0,0.0,42.0,42.0,42.0,0.995252952809451,0.9992074903149882,1.0,0,0.0
K-NET,low_magnitude_background,feature_onset_fixed,21,0,0.0,42.0,42.0,42.0,0.9955453674268456,0.9991991118870756,1.0,0,0.0
K-NET,low_magnitude_background,full_record,21,0,0.0,60.0,60.0,60.0,1.0,1.0,1.0,0,0.0
K-NET,low_magnitude_background,shortest_stable_all,21,0,0.0,11.9,10.88,16.28,0.9644860940639624,0.9733795711128592,1.0,0,0.0
K-NET,low_magnitude_background,shortest_stable_no_catalog,21,0,0.0,11.9,10.88,16.28,0.9644860940639624,0.9733795711128592,1.0,0,0.0
K-NET,m3_to_m4_small_event,adaptive_energy_end,5647,20,0.3541703559412077,19.38,15.575,23.835,0.9614178786380831,0.9722499981045852,1.0,0,0.0
K-NET,m3_to_m4_small_event,arias_1_99_padded,5647,0,0.0,48.92,43.55,56.11,0.9936303577074332,0.9983418521790586,1.0,0,0.0
K-NET,m3_to_m4_small_event,catalog_p_fixed,5647,96,1.700017708517797,42.0,42.0,42.0,0.9786021439343315,0.9976285853629926,1.0,0,0.0
K-NET,m3_to_m4_small_event,energy_first_then_adaptive,5647,0,0.0,42.0,42.0,42.0,0.9814289687050446,0.9976500783269056,1.0,17,0.3010448025500266
K-NET,m3_to_m4_small_event,energy_onset_fixed,5647,94,1.6646006729236762,42.0,42.0,42.0,0.9788830514680783,0.997626008217414,1.0,0,0.0
K-NET,m3_to_m4_small_event,feature_onset_fixed,5647,94,1.6646006729236762,42.0,42.0,42.0,0.978879785798792,0.9976308321680116,1.0,0,0.0
K-NET,m3_to_m4_small_event,full_record,5647,0,0.0,119.0,60.0,119.0,1.0,1.0,1.0,0,0.0
K-NET,m3_to_m4_small_event,shortest_stable_all,5647,0,0.0,19.38,15.575,22.0,0.955846772474204,0.9717796424608058,1.0,0,0.0
K-NET,m3_to_m4_small_event,shortest_stable_no_catalog,5647,0,0.0,19.38,15.575,22.0,0.9558724495564972,0.9717796545943644,1.0,0,0.0
K-NET,m4plus_strong_motion,adaptive_energy_end,15473,23,0.148646028565889,26.37,21.39,32.28,0.9598072646363985,0.9675512134135164,1.0,0,0.0
K-NET,m4plus_strong_motion,arias_1_99_padded,15473,0,0.0,59.18,51.78,68.28,0.9949253941732494,0.997948181812772,1.0,0,0.0
K-NET,m4plus_strong_motion,catalog_p_fixed,15473,757,4.892393201059911,42.0,42.0,42.0,0.950664893419689,0.9939907273792702,1.0,0,0.0
K-NET,m4plus_strong_motion,energy_first_then_adaptive,15473,0,0.0,42.0,42.0,42.0,0.9643266253369562,0.994289529283479,1.0,17,0.10986880372261358
K-NET,m4plus_strong_motion,energy_onset_fixed,15473,563,3.6385962644606735,42.0,42.0,42.0,0.9590546283554784,0.9942507382022436,1.0,0,0.0
K-NET,m4plus_strong_motion,feature_onset_fixed,15473,783,5.060427842047437,42.0,42.0,42.0,0.9496932600767556,0.9939357764667828,1.0,0,0.0
K-NET,m4plus_strong_motion,full_record,15473,0,0.0,119.0,119.0,119.0,1.0,1.0,1.0,0,0.0
K-NET,m4plus_strong_motion,shortest_stable_all,15473,0,0.0,26.37,21.39,32.29,0.954649116608969,0.9665111536288912,1.0,0,0.0
K-NET,m4plus_strong_motion,shortest_stable_no_catalog,15473,0,0.0,26.37,21.39,32.29,0.9550233087066691,0.966580890965702,1.0,0,0.0
InstanceGM,ALL,adaptive_energy_end,23533,424,1.8017252369013728,64.5,38.72,102.8,0.953078673736909,0.9672506571019872,1.0,0,0.0
InstanceGM,ALL,arias_1_99_padded,23533,86,0.3654442697488633,107.54,63.91,120.0,0.9936774193308969,0.9994658475117476,1.0,0,0.0
InstanceGM,ALL,catalog_p_fixed,23533,13308,56.55037606764969,42.0,42.0,42.0,0.3476387314997554,0.9174735554386396,0.6302507638931275,0,0.0
InstanceGM,ALL,energy_first_then_adaptive,23533,0,0.0,64.05,42.0,103.82,0.9534600099579787,0.974416825564236,1.0,370,1.572260230314877
InstanceGM,ALL,energy_onset_fixed,23533,12804,54.40870267284239,42.0,42.0,42.0,0.32754132956285303,0.930153842117326,0.5836418151855469,0,0.0
InstanceGM,ALL,feature_onset_fixed,23533,15896,67.54769897590617,42.0,42.0,42.0,0.183247409030561,0.8312634734484261,0.37554772496223454,0,0.0
InstanceGM,ALL,full_record,23533,0,0.0,120.0,120.0,120.0,1.0,1.0,1.0,0,0.0
InstanceGM,ALL,shortest_stable_all,23533,0,0.0,62.0,38.73,102.79,0.9526129924727856,0.9689880021707552,1.0,29,0.12323120724089577
InstanceGM,ALL,shortest_stable_no_catalog,23533,0,0.0,62.0,38.73,102.81,0.9527269186026279,0.969276007920938,1.0,37,0.1572260230314877
K-NET,ALL,adaptive_energy_end,21141,43,0.20339624426469893,24.42,19.2,30.27,0.9599997458976128,0.9685349922432874,1.0,0,0.0
K-NET,ALL,arias_1_99_padded,21141,0,0.0,56.74,48.67,65.71,0.9946019789786772,0.9980432123679058,1.0,0,0.0
K-NET,ALL,catalog_p_fixed,21141,853,4.034813868785771,42.0,42.0,42.0,0.9575673460582552,0.9953456821007384,1.0,0,0.0
K-NET,ALL,energy_first_then_adaptive,21141,0,0.0,42.0,42.0,42.0,0.9671036552946648,0.9954818562936218,1.0,34,0.1608249373255759
K-NET,ALL,energy_onset_fixed,21141,657,3.1077054065559815,42.0,42.0,42.0,0.963697836373139,0.9954507021897356,1.0,0,0.0
K-NET,ALL,feature_onset_fixed,21141,877,4.148337353956767,42.0,42.0,42.0,0.9568791512785386,0.9953267345629048,1.0,0,0.0
K-NET,ALL,full_record,21141,0,0.0,119.0,119.0,119.0,1.0,1.0,1.0,0,0.0
K-NET,ALL,shortest_stable_all,21141,0,0.0,22.0,19.2,30.27,0.9548972722807229,0.9675290501487412,1.0,0,0.0
K-NET,ALL,shortest_stable_no_catalog,21141,0,0.0,22.0,19.2,30.27,0.9552038596131288,0.9675839282308182,1.0,0,0.0
ALL,ALL,adaptive_energy_end,44674,467,1.0453507633075165,34.2,23.93,69.8,0.9545075647075028,0.968097956332012,1.0,0,0.0
ALL,ALL,arias_1_99_padded,44674,86,0.19250570801808659,66.3,51.98,111.94,0.9940041389321341,0.9984577981681257,1.0,0,0.0
ALL,ALL,catalog_p_fixed,44674,14161,31.698527107489817,42.0,42.0,42.0,0.38821648146495435,0.988443517810305,0.8170911878347397,0,0.0
ALL,ALL,energy_first_then_adaptive,44674,0,0.0,42.0,42.0,70.56,0.9549680086917026,0.9906905940640887,1.0,404,0.9043291399919415
ALL,ALL,energy_onset_fixed,44674,13461,30.131620181761203,42.0,42.0,42.0,0.37090267397316673,0.9895209739306604,0.7665182650089264,0,0.0
ALL,ALL,feature_onset_fixed,44674,16773,37.54532837892287,42.0,42.0,42.0,0.30322213388361213,0.9842363357428952,0.5766608089208604,0,0.0
ALL,ALL,full_record,44674,0,0.0,120.0,119.0,120.0,1.0,1.0,1.0,0,0.0
ALL,ALL,shortest_stable_all,44674,0,0.0,34.25,22.0,69.67,0.9532491310213265,0.9679949082981204,1.0,29,0.06491471549447106
ALL,ALL,shortest_stable_no_catalog,44674,0,0.0,34.25,22.0,69.8,0.9533833164127828,0.968105072250204,1.0,37,0.08282222321708377
